city,name
Kyiv,袣懈褩胁
Kyiv,袣懈褦胁褨
Kharkiv,啸邪褉泻褨胁
Kharkiv,啸邪褉泻芯胁褨
Odesa,袨写械褋邪
Odesa,袨写械褋褨
Dnipro,袛薪褨锌褉芯
Dnipro,袛薪褨锌褉褨
Donetsk,袛芯薪械褑褜泻
Donetsk,袛芯薪械褑褜泻褍
Zaporizhzhia,袟邪锌芯褉褨卸卸褟
Zaporizhzhia,袟邪锌芯褉褨卸卸褨
Lviv,袥褜胁褨胁
Lviv,袥褜胁芯胁褨
Kryvyi Rih,袣褉懈胁懈泄 袪褨谐
Kryvyi Rih,袣褉懈胁芯屑褍 袪芯蟹褨
Mykolaiv,袦懈泻芯谢邪褩胁
Mykolaiv,袦懈泻芯谢邪褦胁褨
Mariupol,M邪褉褨褍锌芯谢褜
Mariupol,袦邪褉褨褍锌芯谢褨
Luhansk,袥褍谐邪薪褋褜泻
Luhansk,袥褍谐邪薪褋褜泻褍
Vinnytsia,袙褨薪薪懈褑褟
Vinnytsia,袙褨薪薪懈褑褨
Kherson,啸械褉褋芯薪
Kherson,啸械褉褋芯薪褨
Poltava,袩芯谢褌邪胁邪
Poltava,袩芯谢褌邪胁褨
Chernihiv,效械褉薪褨谐褨胁
Chernihiv,效械褉薪褨谐芯胁褨
Cherkasy,效械褉泻邪褋懈
Cherkasy,效械褉泻邪褋邪褏
Zhytomyr,袞懈褌芯屑懈褉
Zhytomyr,袞懈褌芯屑懈褉褨
Sumy,小褍屑懈
Sumy,小褍屑邪褏
Rivne,袪褨胁薪械
Rivne,袪褨胁薪芯屑褍
Ivano-Frankivsk,袉胁邪薪芯-肖褉邪薪泻褨胁褋褜泻
Ivano-Frankivsk,袉胁邪薪芯-肖褉邪薪泻褨胁褋褜泻褍
Ternopil,孝械褉薪芯锌褨谢褜
Ternopil,孝械褉薪芯锌芯谢褨
Kamianets-Podilskyi,袣邪屑'褟薪械褑褜-袩芯写褨谢褜褋褜泻懈泄
Kamianets-Podilskyi,袣邪屑'褟薪褑褨-袩芯写褨谢褜褋褜泻芯屑褍
Uzhhorod,校卸谐芯褉芯写
Uzhhorod,校卸谐芯褉芯写褨
Bila Tserkva,袘褨谢邪 笑械褉泻胁邪
Bila Tserkva,袘褨谢褨泄 笑械褉泻胁褨
Kremenchuk,袣褉械屑械薪褔褍泻
Kremenchuk,袣褉械屑械薪褔褍褑褨
Sievierodonetsk,小褦胁褦褉芯写芯薪械褑褜泻
Sievierodonetsk,小褦胁褦褉芯写芯薪械褑褜泻褍
Melitopol,袦械谢褨褌芯锌芯谢褜
Melitopol,袦械谢褨褌芯锌芯谢褨
Kerch,袣械褉褔
Kerch,袣械褉褔褨
Nikopol,袧褨泻芯锌芯谢褜
Nikopol,袧褨泻芯锌芯谢褨
Sloviansk,小谢芯胁'褟薪褋褜泻
Sloviansk,小谢芯胁'褟薪褋褜泻褍
Berdiansk,袘械褉写褟薪褋褜泻
Berdiansk,袘械褉写褟薪褋褜泻褍
Pavlohrad,袩邪胁谢芯谐褉邪写
Pavlohrad,袩邪胁谢芯谐褉邪写褨
Yevpatoria,袆胁锌邪褌芯褉褨褟
Yevpatoria,袆胁锌邪褌芯褉褨褩
Uman,校屑邪薪褜
Uman,校屑邪薪褨
Brovary,袘褉芯胁邪褉懈
Brovary,袘褉芯胁邪褉邪褏
Lysychansk,袥懈褋懈褔邪薪褋褜泻
Lysychansk,袥懈褋懈褔邪薪褋褜泻褍
Kamianske,袣邪屑'褟薪褋褜泻械
Kamianske,袣邪屑'褟薪褋褜泻芯屑褍
Oleksandriia,袨谢械泻褋邪薪写褉褨褟
Oleksandriia,袨谢械泻褋邪薪写褉褨褩
Okhtyrka,袨褏褌懈褉泻邪
Okhtyrka,袨褏褌懈褉褑褨
Shostka,楔芯褋褌泻邪
Shostka,楔芯褋褌褑褨
Kolomyia,袣芯谢芯屑懈褟
Kolomyia,袣芯谢芯屑懈褩
Chervonohrad,效械褉胁芯薪芯谐褉邪写
Chervonohrad,效械褉胁芯薪芯谐褉邪写褨
Smila,小屑褨谢邪
Smila,小屑褨谢谢褨
Novomoskovsk,袧芯胁芯屑芯褋泻芯胁褋褜泻
Novomoskovsk,袧芯胁芯屑芯褋泻芯胁褋褜泻褍
Mukachevo,袦褍泻邪褔械胁芯
Mukachevo,袦褍泻邪褔械胁褨
Drohobych,袛褉芯谐芯斜懈褔
Drohobych,袛褉芯谐芯斜懈褔褨
Boryspil,袘芯褉懈褋锌褨谢褜
Boryspil,袘芯褉懈褋锌芯谢褨
Konotop,袣芯薪芯褌芯锌
Konotop,袣芯薪芯褌芯锌褨
Boryslav,袘芯褉懈褋谢邪胁
Boryslav,袘芯褉懈褋谢邪胁褨
Bucha,袘褍褔邪
Bucha,袘褍褔褨
Vyshhorod,袙懈褕谐芯褉芯写
Vyshhorod,袙懈褕谐芯褉芯写褨
Vyshneve,袙懈褕薪械胁械
Vyshneve,袙懈褕薪械胁芯屑褍
Kalush,袣邪谢褍褕
Kalush,袣邪谢褍褕褨
Kostiantynivka,袣芯褋褌褟薪褌懈薪褨胁泻邪
Kostiantynivka,袣芯褋褌褟薪褌懈薪褨胁褑褨
Korosten,袣芯褉芯褋褌械薪褜
Korosten,袣芯褉芯褋褌械薪褨
Kramatorsk,袣褉邪屑邪褌芯褉褋褜泻
Kramatorsk,袣褉邪屑邪褌芯褉褋褜泻褍
Lubny,袥褍斜薪懈
Lubny,袥褍斜薪邪褏
Myrhorod,袦懈褉谐芯褉芯写
Myrhorod,袦懈褉谐芯褉芯写褨
Nova Kakhovka,袧芯胁邪 袣邪褏芯胁泻邪
Nova Kakhovka,袧芯胁褨泄 袣邪褏芯胁褑褨
Novograd-Volynskyi,袧芯胁芯谐褉邪写-袙芯谢懈薪褋褜泻懈泄
Novograd-Volynskyi,袧芯胁芯谐褉邪写褨-袙芯谢懈薪褋褜泻芯屑褍
Obukhiv,袨斜褍褏褨胁
Obukhiv,袨斜褍褏芯胁褨
Pereiaslav,袩械褉械褟褋谢邪胁
Pereiaslav,袩械褉械褟褋谢邪胁褨
Pryluky,袩褉懈谢褍泻懈
Pryluky,袩褉懈谢褍泻邪褏
Romny,袪芯屑薪懈
Romny,袪芯屑薪邪褏
Tokmak,孝芯泻屑邪泻
Tokmak,孝芯泻屑邪泻褍
Chornomorsk,效芯褉薪芯屑芯褉褋褜泻
Chornomorsk,效芯褉薪芯屑芯褉褋褜泻褍
Shepetivka,楔械锌械褌褨胁泻邪
Shepetivka,楔械锌械褌褨胁褑褨
Yuzhne,挟卸薪械
Yuzhne,挟卸薪芯屑褍
Yalta,携谢褌邪
Yalta,携谢褌褨
Chernivtsi,效械褉薪褨胁褑褨
Chernivtsi,效械褉薪褨胁褑褟褏
Boyarka,袘芯褟褉泻邪
Boyarka,袘芯褟褉褑褨
Izmail,袉蟹屑邪褩谢
Izmail,袉蟹屑邪褩谢褨
Starokostiantyniv,小褌邪褉芯泻芯褋褌褟薪褌懈薪褨胁
Starokostiantyniv,小褌邪褉芯泻芯褋褌褟薪褌懈薪芯胁褨
Vasylkiv,袙邪褋懈谢褜泻褨胁
Vasylkiv,袙邪褋懈谢褜泻芯胁褨
Slavuta,小谢邪胁褍褌邪
Slavuta,小谢邪胁褍褌褨
Kakhovka,袣邪褏芯胁泻邪
Kakhovka,袣邪褏芯胁褑褨
Truskavets,孝褉褍褋泻邪胁械褑褜
Truskavets,孝褉褍褋泻邪胁褑褨
Yahotyn,携谐芯褌懈薪
Yahotyn,携谐芯褌懈薪褨
Zolotonosha,袟芯谢芯褌芯薪芯褕邪
Zolotonosha,袟芯谢芯褌芯薪芯褕褨
Zolochiv,袟芯谢芯褔褨胁
Zolochiv,袟芯谢芯褔械胁褨
Pidhorodne,袩褨写谐芯褉芯写薪械
Pidhorodne,袩褨写谐芯褉芯写薪芯屑褍
Sokal,小芯泻邪谢褜
Sokal,小芯泻邪谢褨
Sarny,小邪褉薪懈
Sarny,小邪褉薪邪褏
Kitsman,袣褨褑屑邪薪褜
Kitsman,袣褨褑屑邪薪褨
Kobeliaky,袣芯斜械谢褟泻懈
Kobeliaky,袣芯斜械谢褟泻邪褏
Horodok,袚芯褉芯写芯泻
Horodok,袚芯褉芯写泻褍
Horodyshche,袚芯褉芯写懈褖械
Horodyshche,袚芯褉芯写懈褖褨
Hlukhiv,袚谢褍褏褨胁
Hlukhiv,袚谢褍褏芯胁褨
Kupiansk,袣褍锌'褟薪褋褜泻
Kupiansk,袣褍锌'褟薪褋褜泻褍
Pidvolochysk,袩褨写胁芯谢芯褔懈褋褜泻
Pidvolochysk,袩褨写胁芯谢芯褔懈褋褜泻褍
Afghanistan,袗褎谐邪薪褨褋褌邪薪
Afghanistan,袗褎谐邪薪褨褋褌邪薪褨
Aland Islands,袗谢邪薪写褋褜泻褨
Aland Islands,袗谢邪薪写褋褜泻懈褏
Albania,袗谢斜邪薪褨褟
Albania,袗谢斜邪薪褨褩
Algeria,袗谢卸懈褉
Algeria,袗谢卸懈褉褨
American Samoa,袗屑械褉懈泻邪薪褋褜泻械 小邪屑芯邪
American Samoa,袗屑械褉懈泻邪薪褋褜泻芯屑褍 小邪屑芯邪
Andorra,袗薪写芯褉褉邪
Andorra,袗薪写芯褉褉褨
Angola,袗薪谐芯谢邪
Angola,袗薪谐芯谢褨
Anguilla,袗薪谐褨谢谢邪
Anguilla,袗薪谐褨谢谢褨
Antarctica,袗薪褌邪褉泻褌懈写邪
Antarctica,袗薪褌邪褉泻褌懈写褨
Barbuda,袘邪褉斜褍写邪
Barbuda,袘邪褉斜褍写褨
Argentina,袗褉谐械薪褌懈薪邪
Argentina,袗褉谐械薪褌懈薪褨
Armenia,袙褨褉屑械薪褨褟
Armenia,袙褨褉屑械薪褨褩
Aruba,袗褉褍斜邪
Aruba,袗褉褍斜褨
Australia,袗胁褋褌褉邪谢褨褟
Australia,袗胁褋褌褉邪谢褨褩
Austria,袗胁褋褌褉褨褟
Austria,袗胁褋褌褉褨褩
Azerbaijan,袗蟹械褉斜邪泄写卸邪薪
Azerbaijan,袗蟹械褉斜邪泄写卸邪薪褨
Bahrain,袘邪褏褉械泄薪
Bahrain,袘邪褏褉械泄薪褨
Bangladesh,袘邪薪谐谢邪写械褕
Bangladesh,袘邪薪谐谢邪写械褕褨
Barbados,袘邪褉斜邪写芯褋
Barbados,袘邪褉斜邪写芯褋褨
Belarus,袘褨谢芯褉褍褋褜
Belarus,袘褨谢芯褉褍褋褨
Belgium,袘械谢褜谐褨褟
Belgium,袘械谢褜谐褨褩
Belize,袘械谢褨蟹
Belize,袘械谢褨蟹褨
Benin,袘械薪褨薪
Benin,袘械薪褨薪褨
Bermuda,袘械褉屑褍写懈
Bermuda,袘械褉屑褍写邪褏
Bhutan,袘褍褌邪薪
Bhutan,袘褍褌邪薪褨
Bolivia,袘芯谢褨胁褨褟
Bolivia,袘芯谢褨胁褨褩
Bonaire,B芯薪械泄褉
Bonaire,袘芯薪械泄褉褨
Bosnia and Herzegovina,袘芯褋薪褨褟 褨 袚械褉褑械谐芯胁懈薪邪
Bosnia and Herzegovina,袘芯褋薪褨褩 褨 袚械褉褑械谐芯胁懈薪褨
Botswana,袘芯褌褋胁邪薪邪
Botswana,袘芯褌褋胁邪薪褨
Bouvet Island,袘褍胁械
Bouvet Island,袘褍胁械
Brazil,袘褉邪蟹懈谢褨褟
Brazil,袘褉邪蟹懈谢褨褩
Brunei,袘褉褍薪械泄
Brunei,袘褉褍薪械褩
Bulgaria,袘芯谢谐邪褉褨褟
Bulgaria,袘芯谢谐邪褉褨褩
Burkina Faso,袘褍褉泻褨薪邪-肖邪褋芯
Burkina Faso,袘褍褉泻褨薪邪-肖邪褋芯
Burundi,袘褍褉褍薪写褨
Burundi,袘褍褉褍薪写褨
Cambodia,袣邪屑斜芯写卸邪
Cambodia,袣邪屑斜芯写卸褨
Cameroon,袣邪屑械褉褍薪
Cameroon,袣邪屑械褉褍薪褨
Canada,袣邪薪邪写邪
Canada,袣邪薪邪写褨
Cape Verde,袣邪斜芯-袙械褉写械
Cape Verde,袣邪斜芯-袙械褉写械
Cayman Islands,袣邪泄屑邪薪芯胁褨
Cayman Islands,袣邪泄屑邪薪芯胁懈褏
Central African Republic,笑械薪褌褉邪谢褜薪芯邪褎褉懈泻邪薪褋褜泻邪
Central African Republic,笑械薪褌褉邪谢褜薪芯邪褎褉懈泻邪薪褋褜泻褨泄
Chad,效邪写
Chad,效邪写褨
Chile,效懈谢褨
Chile,效懈谢褨
China,袣懈褌邪泄
China,袣懈褌邪褩
Colombia,袣芯谢褍屑斜褨褟
Colombia,袣芯谢褍屑斜褨褩
Comoros,袣芯屑芯褉褋褜泻褨
Comoros,袣芯屑芯褉褋褜泻懈褏
Congo,袣芯薪谐芯
Congo,袣芯薪谐芯
Cook Islands,袣褍泻邪
Costa Rica,袣芯褋褌邪 袪褨泻邪
Costa Rica,袣芯褋褌邪 袪褨褑褨
Croatia,啸芯褉胁邪褌褨褟
Croatia,啸芯褉胁邪褌褨褩
Cuba,袣褍斜邪
Cuba,袣褍斜褨
Curacao,袣褞褉邪褋邪芯
Curacao,袣褞褉邪褋邪芯
Cyprus,袣褨锌褉
Cyprus,袣褨锌褉褨
Czech Republic,效械褋褜泻邪
Czech Republic,效械褋褜泻褨泄
Czechia,效械褏褨褟
Czechia,效械褏褨褩
Denmark,袛邪薪褨褟
Denmark,袛邪薪褨褩
Djibouti,袛卸懈斜褍褌褨
Djibouti,袛卸懈斜褍褌褨
Dominica,袛芯屑褨薪褨泻邪
Dominica,袛芯屑褨薪褨褑褨
Ecuador,袝泻胁邪写芯褉
Ecuador,袝泻胁邪写芯褉褨
Egypt,袆谐懈锌械褌
Egypt,袆谐懈锌褌褨
El Salvador,小邪谢褜胁邪写芯褉
El Salvador,小邪谢褜胁邪写芯褉褨
Eritrea,袝褉懈褌褉械褟
Eritrea,袝褉懈褌褉械褩
Estonia,袝褋褌芯薪褨褟
Estonia,袝褋褌芯薪褨褩
Eswatini,袝褋胁邪褌褨薪褨
Eswatini,袝褋胁邪褌褨薪褨
Ethiopia,袝褎褨芯锌褨褟
Ethiopia,袝褎褨芯锌褨褩
Falkland Islands,肖芯谢泻谢械薪写褋褜泻褨
Falkland Islands,肖芯谢泻谢械薪写褋褜泻懈褏
Faroe Islands,肖邪褉械褉褋褜泻褨
Faroe Islands,肖邪褉械褉褋褜泻懈褏
Fiji,肖褨写卸褨
Fiji,肖褨写卸褨
Finland,肖褨薪谢褟薪写褨褟
Finland,肖褨薪谢褟薪写褨褩
France,肖褉邪薪褑褨褟
France,肖褉邪薪褑褨褩
Gabon,袚邪斜芯薪
Gabon,袚邪斜芯薪褨
Georgia,袚褉褍蟹褨褟
Georgia,袚褉褍蟹褨褩
Germany,袧褨屑械褔褔懈薪邪
Germany,袧褨屑械褔褔懈薪褨
Ghana,袚邪薪邪
Ghana,袚邪薪褨
Gibraltar,袚褨斜褉邪谢褌邪褉
Gibraltar,袚褨斜褉邪谢褌邪褉褨
Greece,袚褉械褑褨褟
Greece,袚褉械褑褨褩
Greenland,袚褉械薪谢邪薪写褨褟
Greenland,袚褉械薪谢邪薪写褨褩
Grenada,袚褉械薪邪写邪
Grenada,袚褉械薪邪写褨
Guadeloupe,袚胁邪写械谢褍锌邪
Guadeloupe,袚胁邪写械谢褍锌褨
Guam,袚褍邪屑
Guam,袚褍邪屑褨
Guatemala,袚胁邪褌械屑邪谢邪
Guatemala,袚胁邪褌械屑邪谢褨
Guernsey,袚械褉薪褋褨
Guernsey,袚械褉薪褋褨
Guinea,袚胁褨薪械褟
Guinea,袚胁褨薪械褩
Guinea-Bissau,袚胁褨薪械褟-袘褨褋邪褍
Guinea-Bissau,袚胁褨薪械褩-袘褨褋邪褍
Guyana,袚邪泄邪薪邪
Guyana,袚邪褟薪褨
Haiti,袚邪褩褌褨
Haiti,袚邪褩褌褨
Honduras,袚芯薪写褍褉邪褋
Honduras,袚芯薪写褍褉邪褋褨
Hungary,校谐芯褉褖懈薪邪
Hungary,校谐芯褉褖懈薪褨
Iceland,袉褋谢邪薪写褨褟
Iceland,袉褋谢邪薪写褨褩
India,袉薪写褨褟
India,袉薪写褨褩
Indonesia,袉薪写芯薪械蟹褨褟
Indonesia,袉薪写芯薪械蟹褨褩
Iran,袉褉邪薪
Iran,袉褉邪薪褨
Iraq,袉褉邪泻
Iraq,袉褉邪泻褍
Ireland,袉褉谢邪薪写褨褟
Ireland,袉褉谢邪薪写褨褩
Israel,袉蟹褉邪褩谢褜
Israel,袉蟹褉邪褩谢褨
Italy,袉褌邪谢褨褟
Italy,袉褌邪谢褨褩
Ivory Coast,袣芯褌-写'袉胁褍邪褉
Ivory Coast,袣芯褌-写'袉胁褍邪褉褨
Ivory Coast,袣芯褌 写褨胁褍邪褉
Ivory Coast,袣芯褌 写褨胁褍邪褉褨
Jamaica,携屑邪泄泻邪
Jamaica,携屑邪泄褑褨
Japan,携锌芯薪褨褟
Japan,携锌芯薪褨褩
Jersey,袛卸械褉褋褨
Jersey,袛卸械褉褋褨
Jordan,袡芯褉写邪薪褨褟
Jordan,袡芯褉写邪薪褨褩
Kazakhstan,袣邪蟹邪褏褋褌邪薪
Kazakhstan,袣邪蟹邪褏褋褌邪薪褨
Kenya,袣械薪褨褟
Kenya,袣械薪褨褩
Kiribati,袣褨褉褨斜邪褌褨
Kiribati,袣褨褉褨斜邪褌褨
Kosovo,袣芯褋芯胁芯
Kosovo,袣芯褋芯胁芯
Kuwait,袣褍胁械泄褌
Kuwait,袣褍胁械泄褌褨
Kyrgyzstan,袣懈褉谐懈蟹褋褌邪薪
Kyrgyzstan,袣懈褉谐懈蟹褋褌邪薪褨
Laos,袥邪芯褋
Laos,袥邪芯褋褨
Latvia,袥邪褌胁褨褟
Latvia,袥邪褌胁褨褩
Lebanon,袥褨胁邪薪
Lebanon,袥褨胁邪薪褨
Lesotho,袥械褋芯褌芯
Lesotho,袥械褋芯褌芯
Liberia,袥褨斜械褉褨褟
Liberia,袥褨斜械褉褨褩
Libya,袥褨胁褨褟
Libya,袥褨胁褨褩
Liechtenstein,袥褨褏褌械薪褕褌械泄薪
Liechtenstein,袥褨褏褌械薪褕褌械泄薪褨
Lithuania,袥懈褌胁邪
Lithuania,袥懈褌胁褨
Luxembourg,袥褞泻褋械屑斜褍褉谐
Luxembourg,袥褞泻褋械屑斜褍褉蟹褨
Madagascar,袦邪写邪谐邪褋泻邪褉
Madagascar,袦邪写邪谐邪褋泻邪褉褨
Malawi,袦邪谢邪胁褨
Malawi,袦邪谢邪胁褨
Malaysia,袦邪谢邪泄蟹褨褟
Malaysia,袦邪谢邪泄蟹褨褩
Maldives,袦邪谢褜写褨胁懈
Maldives,袦邪谢褜写褨胁邪褏
Mali,袦邪谢褨
Mali,袦邪谢褨
Malta,袦邪谢褜褌邪
Malta,袦邪谢褜褌褨
Isle of Man,袦械薪
Marshall Islands,袦邪褉褕邪谢谢芯胁褨
Marshall Islands,袦邪褉褕邪谢谢芯胁懈褏
Martinique,袦邪褉褌褨薪褨泻邪
Martinique,袦邪褉褌褨薪褨褑褨
Mauritania,袦邪胁褉懈褌邪薪褨褟
Mauritania,袦邪胁褉懈褌邪薪褨褩
Mauritius,袦邪胁褉懈泻褨泄
Mauritius,袦邪胁褉懈泻褨褩
Mayotte,袦邪泄芯褌褌邪
Mayotte,袦邪泄芯褌褌褨
Mexico,袦械泻褋懈泻邪
Mexico,袦械泻褋懈褑褨
Micronesia,袦褨泻褉芯薪械蟹褨褟
Micronesia,袦褨泻褉芯薪械蟹褨褩
Moldova,袦芯谢写芯胁邪
Moldova,袦芯谢写芯胁褨
Monaco,袦芯薪邪泻芯
Monaco,袦芯薪邪泻芯
Mongolia,袦芯薪谐芯谢褨褟
Mongolia,袦芯薪谐芯谢褨褩
Montenegro,效芯褉薪芯谐芯褉褨褟
Montenegro,效芯褉薪芯谐芯褉褨褩
Montserrat,袦芯薪褌褋械褉褉邪褌
Montserrat,袦芯薪褌褋械褉褉邪褌褨
Morocco,袦邪褉芯泻泻芯
Morocco,袦邪褉芯泻泻芯
Mozambique,袦芯蟹邪屑斜褨泻
Mozambique,袦芯蟹邪屑斜褨泻褍
Myanmar,袦'褟薪屑邪
Myanmar,袦'褟薪屑褨
Myanmar,袦褟薪屑邪
Myanmar,袦褟薪屑褨
Namibia,袧邪屑褨斜褨褟
Namibia,袧邪屑褨斜褨褩
Nauru,袧邪褍褉褍
Nauru,袧邪褍褉褍
Nepal,袧械锌邪谢
Nepal,袧械锌邪谢褨
Netherlands,袧褨写械褉谢邪薪写懈
Netherlands,袧褨写械褉谢邪薪写邪褏
New Caledonia,袣邪谢械写芯薪褨褟
New Caledonia,袣邪谢械写芯薪褨褩
New Zealand,袟械谢邪薪写褨褟
New Zealand,袟械谢邪薪写褨褩
Nicaragua,袧褨泻邪褉邪谐褍邪
Nicaragua,袧褨泻邪褉邪谐褍邪
Niger,袧褨谐械褉
Niger,袧褨谐械褉褨
Nigeria,袧褨谐械褉褨褟
Nigeria,袧褨谐械褉褨褩
Niue,袧褨褍械
Niue,袧褨褍械
Norfolk Island,袧芯褉褎芯谢泻
Norfolk Island,袧芯褉褎芯谢泻褍
North Korea,袩褨胁薪褨褔薪邪 袣芯褉械褟
North Korea,袩褨胁薪褨褔薪褨泄 袣芯褉械褩
Norway,袧芯褉胁械谐褨褟
Norway,袧芯褉胁械谐褨褩
Oman,袨屑邪薪
Oman,袨屑邪薪褨
Pakistan,袩邪泻懈褋褌邪薪
Pakistan,袩邪泻懈褋褌邪薪褨
Palau,袩邪谢邪褍
Palau,袩邪谢邪褍
Panama,袩邪薪邪屑邪
Panama,袩邪薪邪屑褨
Papua New Guinea,袩邪锌褍邪-袧芯胁邪 袚胁褨薪械褟
Papua New Guinea,袩邪锌褍邪-袧芯胁褨泄 袚胁褨薪械褩
Paraguay,袩邪褉邪谐胁邪泄
Paraguay,袩邪褉邪谐胁邪褩
Peru,袩械褉褍
Peru,袩械褉褍
Philippines,肖褨谢褨锌锌褨薪懈
Philippines,肖褨谢褨锌锌褨薪邪褏
Pitcairn Islands,袩褨褌泻械褉薪
Pitcairn Islands,袩褨褌泻械褉薪褨
Poland,袩芯谢褜褖邪
Poland,袩芯谢褜褖褨
Portugal,袩芯褉褌褍谐邪谢褨褟
Portugal,袩芯褉褌褍谐邪谢褨褩
Puerto Rico,袩褍械褉褌芯-袪懈泻芯
Puerto Rico,袩褍械褉褌芯-袪懈泻芯
Qatar,袣邪褌邪褉
Qatar,袣邪褌邪褉褨
Reunion,袪械褞薪褜泄芯薪
Reunion,袪械褞薪褜泄芯薪褨
Romania,袪褍屑褍薪褨褟
Romania,袪褍屑褍薪褨褩
Rwanda,袪褍邪薪写邪
Rwanda,袪褍邪薪写褨
Saudi Arabia,小邪褍写褨胁褋褜泻邪 袗褉邪胁褨褟
Saudi Arabia,小邪褍写褨胁褋褜泻褨泄 袗褉邪胁褨褩
Senegal,小械薪械谐邪谢
Senegal,小械薪械谐邪谢褨
Serbia,小械褉斜褨褟
Serbia,小械褉斜褨褩
Seychelles,小械泄褕械谢褜褋褜泻褨
Seychelles,小械泄褕械谢褜褋褜泻懈褏
Sierra Leone,小褜褦褉褉邪-袥械芯薪械
Sierra Leone,小褜褦褉褉邪-袥械芯薪械
Singapore,小褨薪谐邪锌褍褉
Singapore,小褨薪谐邪锌褍褉褨
Slovakia,小谢芯胁邪褔褔懈薪邪
Slovakia,小谢芯胁邪褔褔懈薪褨
Slovenia,小谢芯胁械薪褨褟
Slovenia,小谢芯胁械薪褨褩
Solomon Islands,小芯谢芯屑芯薪芯胁褨
Solomon Islands,小芯谢芯屑芯薪芯胁懈褏
Somalia,小芯屑邪谢褨
Somalia,小芯屑邪谢褨
Spain,袉褋锌邪薪褨褟
Spain,袉褋锌邪薪褨褩
Sri Lanka,楔褉褨-袥邪薪泻邪
Sri Lanka,楔褉褨-袥邪薪褑褨
Sri Lanka,楔褉褨 袥邪薪泻邪
Sri Lanka,楔褉褨 袥邪薪褑褨
Sudan,小褍写邪薪
Sudan,小褍写邪薪褨
Suriname,小褍褉懈薪邪屑
Suriname,小褍褉懈薪邪屑褨
Sweden,楔胁械褑褨褟
Sweden,楔胁械褑褨褩
Switzerland,楔胁械泄褑邪褉褨褟
Switzerland,楔胁械泄褑邪褉褨褩
Syria,小懈褉褨褟
Syria,小懈褉褨褩
Taiwan,孝邪泄胁邪薪褜
Taiwan,孝邪泄胁邪薪褨
Tajikistan,孝邪写卸懈泻懈褋褌邪薪
Tajikistan,孝邪写卸懈泻懈褋褌邪薪褨
Tanzania,孝邪薪蟹邪薪褨褟
Tanzania,孝邪薪蟹邪薪褨褩
Thailand,孝邪褩谢邪薪写
Thailand,孝邪褩谢邪薪写褨
Bahamas,袘邪谐邪屑褋褜泻褨
Bahamas,袘邪谐邪屑褋褜泻懈褏
Gambia,袚邪屑斜褨褟
Gambia,袚邪屑斜褨褩
East Timor,小褏褨写薪懈泄 孝懈屑芯褉
East Timor,小褏褨写薪芯屑褍 孝懈屑芯褉褨
Togo,孝芯谐芯
Togo,孝芯谐芯
Tokelau,孝芯泻械谢邪褍
Tokelau,孝芯泻械谢邪褍
Tonga,孝芯薪谐邪
Tonga,孝芯薪蟹褨
Tunisia,孝褍薪褨褋
Tunisia,孝褍薪褨褋褨
Turkey,孝褍褉械褔褔懈薪邪
Turkey,孝褍褉械褔褔懈薪褨
Turkmenistan,孝褍褉泻屑械薪褨褋褌邪薪
Turkmenistan,孝褍褉泻屑械薪褨褋褌邪薪褨
Tuvalu,孝褍胁邪谢褍
Tuvalu,孝褍胁邪谢褍
Uganda,校谐邪薪写邪
Uganda,校谐邪薪写褨
Ukraine,校泻褉邪褩薪邪
Ukraine,校泻褉邪褩薪褨
United Arab Emirates,袨斜'褦写薪邪薪褨 袗褉邪斜褋褜泻褨 袝屑褨褉邪褌懈
United Arab Emirates,袨斜'褦写薪邪薪懈褏 袗褉邪斜褋褜泻懈褏 袝屑褨褉邪褌邪褏
United Kingdom,袙械谢懈泻邪 袘褉懈褌邪薪褨褟
United Kingdom,袙械谢懈泻褨泄 袘褉懈褌邪薪褨褩
United States,小锌芯谢褍褔械薪褨 楔褌邪褌懈 袗屑械褉懈泻懈
United States,小锌芯谢褍褔械薪懈褏 楔褌邪褌邪褏 袗屑械褉懈泻懈
Uruguay,校褉褍谐胁邪泄
Uruguay,校褉褍谐胁邪褩
Uzbekistan,校蟹斜械泻懈褋褌邪薪
Uzbekistan,校蟹斜械泻懈褋褌邪薪褨
Vanuatu,袙邪薪褍邪褌褍
Vanuatu,袙邪薪褍邪褌褍
Vatican City,袙邪褌懈泻邪薪
Vatican City,袙邪褌懈泻邪薪褨
Venezuela,袙械薪械褋褍械谢邪
Venezuela,袙械薪械褋褍械谢褨
Vietnam,袙'褦褌薪邪屑
Vietnam,袙'褦褌薪邪屑褨
Yemen,袆屑械薪
Yemen,袆屑械薪褨
Zambia,袟邪屑斜褨褟
Zambia,袟邪屑斜褨褩
Zimbabwe,袟褨屑斜邪斜胁械
Zimbabwe,袟褨屑斜邪斜胁械
